Participant,Phase,StressSelf10,StressPred_cont,StressLevel10,meanHR_MyDev,SDNN_MyDev,RMSSD_MyDev,pNN50_MyDev,EDAmean_MyDev,EDAslope_MyDev,dHR,dSDNN,dRMSSD,dpNN50,dEDAmean,dEDAslope,TraitStress_z
1,Arithmetic,6,5.77473440689984,6,100.078440267877,24.7518049768108,1.22388112897003,0.0108026358431457,4.08324978196082,0.00200488719715348,-0.000546250021002948,0.230478103537298,-0.08564742551765,0.0108026358431457,2.83295962198725,0.0106333809170488,-0.276078815187116
1,Cold Press,5,6.19678251345714,6,101.793130366901,7.90946742879026,0.587461731956797,0,4.05846026864954,0.0122244875479921,1.71414384900299,-16.6118594444832,-0.722066822530883,0,2.80817010867597,0.0208529812678874,-0.276078815187116
1,Prep TSST,NaN,5.67994367428751,6,102.751938146485,22.8909741677564,1.58316916106989,0.0104493207941484,2.67055910395267,0.00545364349211283,2.672951628587,-1.6303527055171,0.27364060658221,0.0104493207941484,1.4202689439791,0.0140821372120081,-0.276078815187116
1,Relax 1,4,5.7176730778537,6,100.078986517898,24.5213268732735,1.30952855448768,0,1.25029015997357,-0.00862849371989532,0,0,0,0,0,0,-0.276078815187116
1,Relax 2,NaN,5.25103122219092,5,96.9664986149599,23.4853884286782,1.9380394286498,0.0332446808510638,3.60933861397625,-0.00734581454502642,-3.1124879029381,-1.0359384445953,0.62851087416212,0.0332446808510638,2.35904845400268,0.0012826791748689,-0.276078815187116
1,Relax 3,NaN,5.33774943808361,5,96.8645952943847,31.1995058559715,1.77614096923655,0.022517451024544,3.97627017589573,-0.00235833689890969,-3.2143912235133,6.678178982698,0.46661241474887,0.022517451024544,2.72598001592216,0.00627015682098563,-0.276078815187116
1,Relax 4,NaN,5.46748324521477,5,97.7245180722894,28.5295760282031,1.60458970407614,0.0120496445354862,3.90100218866355,-0.000895830614954121,-2.3544684456086,4.0082491549296,0.29506114958846,0.0120496445354862,2.65071202868998,0.0077326631049412,-0.276078815187116
1,Stroop,2,5.47744919004373,5,103.651426739339,28.2793927179919,2.02459488039167,0.064143681847338,4.19524532302331,0.0154549938805845,3.572440221441,3.7580658447184,0.71506632590399,0.064143681847338,2.94495516304974,0.0240834876004798,-0.276078815187116
1,TSST Speech,8,5.78129302578947,6,103.909363907422,29.3733589374009,1.48981112216481,0.0212992545260916,3.40892883001949,0.0028016096745466,3.830377389524,4.8520320641274,0.18028256767713,0.0212992545260916,2.15863867004592,0.0114301033944419,-0.276078815187116
